,Name,DOB,ID,Address,Country
0,Angela Greene,1984-01-12,1631303,"41660 John Heights Suite 894
East Ninaland, VI 70027",Belgium
1,Mackenzie Doyle,1939-01-17,5951552,"3741 Johnson Ways Apt. 367
North Sharon, NC 52448",Lesotho
2,Mrs. Amy Thomas,1925-05-31,8717093,"PSC 9527, Box 8260
APO AP 86499",Bolivia
3,Dustin Irwin,2008-06-12,4315357,"92208 Herman Villages
Toddview, WV 17718",Zambia
4,James Murphy,1952-03-19,5628940,"USNS Jensen
FPO AE 88974",Guinea
5,Adam Rivera II,1941-04-07,5193734,"201 Kevin Wells Apt. 558
New Denisehaven, AK 58803",French Guiana
